{
  "labels": [
    "IRB",
    "Liquidity_LCR",
    "AML_KYC",
    "Securitisation",
    "LeverageRatio"
  ],
  "synonyms": {
    "IRB": [
      "internal ratings based",
      "downturn lgd",
      "pd",
      "lgd",
      "ead",
      "slotting",
      "article 180"
    ],
    "Liquidity_LCR": [
      "lcr",
      "hqlA",
      "operational deposits",
      "c 73.00",
      "delegated act"
    ],
    "AML_KYC": [
      "aml",
      "kyc",
      "cdd",
      "pep",
      "sanctions"
    ],
    "Securitisation": [
      "securitisation",
      "srt",
      "sts",
      "tranche"
    ],
    "LeverageRatio": [
      "leverage ratio",
      "exposure measure",
      "ccf",
      "off-balance-sheet"
    ]
  }
}